filename,width,height,class,xmin,ymin,xmax,ymax
BmJhulZABDu.jpg,150,150,cups,49,21,110,89
BmJhulZABDu.jpg,150,150,cups,1,17,50,86
BmJhulZABDu.jpg,150,150,cups,103,1,150,62
BmLe2GbDLm-.jpg,150,150,cups,93,45,147,104
BmLe2GbDLm-.jpg,150,150,cups,24,47,89,113
BmJxXLQFqVN.jpg,150,150,cups,53,22,102,73
BmDWCNYBqpG.jpg,150,150,cups,17,70,69,142
BmDWCNYBqpG.jpg,150,150,cups,56,94,116,150
BmDWCNYBqpG.jpg,150,150,cups,4,1,61,50
BmK7pd1AZCx.jpg,150,150,cups,64,111,96,134
BmK7pd1AZCx.jpg,150,150,cups,11,101,54,132
BmGsGr8HPgo.jpg,150,150,cups,8,67,71,133
BmGsGr8HPgo.jpg,150,150,cups,64,75,117,146
BmK5U49gnhQ.jpg,150,150,cups,15,23,134,142
BmLMOGFg5uZ.jpg,150,150,cups,24,30,143,133
BmDJGZBAJ5T.jpg,150,150,cups,47,57,84,86
BmJOipRlXau.jpg,150,150,cups,51,57,113,134
BmJOipRlXau.jpg,150,150,cups,104,29,150,105
BmJaZHcl9CL.jpg,150,150,cups,98,92,124,130
BmJaZHcl9CL.jpg,150,150,cups,22,95,50,135
BmJaZHcl9CL.jpg,150,150,cups,46,98,75,137
BmJaZHcl9CL.jpg,150,150,cups,75,95,99,136
BmJaZHcl9CL.jpg,150,150,cups,34,63,62,101
BmJaZHcl9CL.jpg,150,150,cups,87,62,112,100
BmJaZHcl9CL.jpg,150,150,cups,45,32,73,68
BmJaZHcl9CL.jpg,150,150,cups,70,31,102,68
BmEH4kyhAFL.jpg,150,150,cups,82,30,146,96
BmEH4kyhAFL.jpg,150,150,cups,2,90,61,136
BmEH4kyhAFL.jpg,150,150,cups,1,9,54,64
BmDGz-LHsyo.jpg,150,150,cups,65,57,102,78
BmJCGjIB_Dy.jpg,150,150,cups,1,11,148,147
BmIhaKwBHhL.jpg,150,150,cups,38,67,125,129
BmIhaKwBHhL.jpg,150,150,cups,94,62,150,110
BmIYLI0ngsV.jpg,150,150,cups,13,19,122,105
BmDdl8jHICm.jpg,150,150,cups,17,62,67,115
BmDdl8jHICm.jpg,150,150,cups,84,58,140,117
BmLMa7dhYYN.jpg,150,150,cups,46,1,138,110
BmJfEq8nQBQ.jpg,150,150,cups,34,47,108,146
BmLd145gszd.jpg,150,150,cups,121,66,143,94
BmLd145gszd.jpg,150,150,cups,94,66,116,94
BmLd145gszd.jpg,150,150,cups,72,65,94,93
BmJojsGBsBF.jpg,150,150,cups,33,8,138,146
BmFSOeGnDMf.jpg,150,150,cups,21,22,129,96
BmFBVjcg3-i.jpg,150,150,cups,52,24,102,85
BmFBVjcg3-i.jpg,150,150,cups,105,43,150,119
BmFBVjcg3-i.jpg,150,150,cups,1,49,50,126
BmD3K0wAXSC.jpg,150,150,cups,57,43,132,134
BmFbdljly9i.jpg,150,150,cups,13,1,138,150
BmFaeE8AAfN.jpg,150,150,cups,1,20,110,148
BmI74ABBYQe.jpg,150,150,cups,25,37,150,148
BmIubF6AQin.jpg,150,150,cups,86,15,150,136
BmI7e68B88j.jpg,150,150,cups,27,17,134,126
BkkGMoAg7mH.jpg,150,150,cups,1,29,149,130
BmI6J_OD-v6.jpg,150,150,cups,12,96,64,147
BmI6J_OD-v6.jpg,150,150,cups,107,97,149,150
BmI6J_OD-v6.jpg,150,150,cups,120,65,150,106
BmI6J_OD-v6.jpg,150,150,cups,113,27,150,70
BmI6J_OD-v6.jpg,150,150,cups,1,73,25,117
BmI6J_OD-v6.jpg,150,150,cups,1,31,31,74
BmI6J_OD-v6.jpg,150,150,cups,18,1,59,38
BmI6J_OD-v6.jpg,150,150,cups,63,1,98,40
BmI6J_OD-v6.jpg,150,150,cups,91,1,129,51
BmD8lvEgCFd.jpg,150,150,cups,82,72,130,118
BmD8lvEgCFd.jpg,150,150,cups,131,76,150,125
BmD8lvEgCFd.jpg,150,150,cups,28,69,83,111
BmD8lvEgCFd.jpg,150,150,cups,1,74,29,124
BmD-kN4BoFm.jpg,150,150,cups,86,52,141,142
BmD-kN4BoFm.jpg,150,150,cups,13,53,67,141
BmJKfJxl6KP.jpg,150,150,cups,25,13,129,132
BmLSz4CANtD.jpg,150,150,cups,18,14,109,120
BmG2esMgJSl.jpg,150,150,cups,54,48,130,121
BmG2esMgJSl.jpg,150,150,cups,8,1,81,76
BmE86oODnTk.jpg,150,150,cups,32,19,113,137
BmJAccEhrYG.jpg,150,150,cups,7,12,132,139
BmJVnOGAJc-.jpg,150,150,cups,47,89,116,143
BmJVnOGAJc-.jpg,150,150,cups,1,80,47,129
BmJVnOGAJc-.jpg,150,150,cups,35,41,91,88
BmJVnOGAJc-.jpg,150,150,cups,90,77,150,120
BmD8hRPggw9.jpg,150,150,cups,31,75,74,118
BmD8hRPggw9.jpg,150,150,cups,75,74,122,120
BmD8hRPggw9.jpg,150,150,cups,30,28,75,73
BmD8hRPggw9.jpg,150,150,cups,76,30,120,72
BmEM_UuA_PG.jpg,150,150,cups,5,30,121,133
BmFnB70BGS7.jpg,150,150,cups,79,40,146,122
BmFnB70BGS7.jpg,150,150,cups,1,40,71,115
BmGR9spAcrD.jpg,150,150,cups,91,45,150,101
BmGR9spAcrD.jpg,150,150,cups,2,37,54,102
BmGYtD4hvg8.jpg,150,150,cups,68,6,150,114
BmDTEsfByS6.jpg,150,150,cups,108,39,150,126
BmDTEsfByS6.jpg,150,150,cups,49,44,94,135
BmDTEsfByS6.jpg,150,150,cups,1,39,44,125
BmIh1ZKFcT7.jpg,150,150,cups,16,33,148,134
BmJpgBPlftR.jpg,150,150,cups,16,3,134,150
BmKt-VClE7S.jpg,150,150,cups,23,34,46,55
BmKt-VClE7S.jpg,150,150,cups,53,35,77,57
BmHAoGyFKJt.jpg,150,150,cups,14,46,118,114
BmHAoGyFKJt.jpg,150,150,cups,1,33,119,87
BmHAoGyFKJt.jpg,150,150,cups,24,1,117,50
BmEMndegFH0.jpg,150,150,cups,2,12,150,145
BmIDVIWHh2W.jpg,150,150,cups,29,23,121,119
BmEqQSDncd3.jpg,150,150,cups,9,1,132,150
BmKafZsDoge.jpg,150,150,cups,14,81,53,120
BmKafZsDoge.jpg,150,150,cups,68,88,107,127
BmKafZsDoge.jpg,150,150,cups,105,57,142,94
BmKafZsDoge.jpg,150,150,cups,102,22,135,54
BmKafZsDoge.jpg,150,150,cups,55,13,88,45
BmKafZsDoge.jpg,150,150,cups,10,41,46,74
BmFE34cnAkE.jpg,150,150,cups,13,41,150,126
BmGN04CA-Hc.jpg,150,150,cups,9,110,40,143
BmGN04CA-Hc.jpg,150,150,cups,56,108,77,131
BmGN04CA-Hc.jpg,150,150,cups,82,104,105,132
BmGN04CA-Hc.jpg,150,150,cups,121,109,150,140
BmLV1WqD_Iq.jpg,150,150,cups,107,28,140,75
BmLV1WqD_Iq.jpg,150,150,cups,22,17,55,64
BmLV1WqD_Iq.jpg,150,150,cups,60,33,94,78
BmLV1WqD_Iq.jpg,150,150,cups,63,14,98,41
BmHEICWHaRs.jpg,150,150,cups,1,1,135,143
BmD9t5ngjfN.jpg,150,150,cups,61,44,90,99
BmD9t5ngjfN.jpg,150,150,cups,30,45,64,98
BmGwOa3FrU9.jpg,150,150,cups,109,128,124,147
BmGwOa3FrU9.jpg,150,150,cups,22,128,40,147
BmGwOa3FrU9.jpg,150,150,cups,3,128,18,147
BmGwOa3FrU9.jpg,150,150,cups,49,102,68,123
BmGwOa3FrU9.jpg,150,150,cups,79,102,97,125
BmI73mCn_EA.jpg,150,150,cups,1,12,57,112
BmDBf0WlpEY.jpg,150,150,cups,36,71,99,133
BmF3_7kFzPA.jpg,150,150,cups,29,22,138,100
BmD1yOklhdl.jpg,150,150,cups,30,31,78,107
BmD1yOklhdl.jpg,150,150,cups,76,32,122,108
BmD1yOklhdl.jpg,150,150,cups,1,33,31,111
BmD1yOklhdl.jpg,150,150,cups,121,31,150,111
BmFixDdBVvD.jpg,150,150,cups,2,11,150,137
BmHsocQgS6y.jpg,150,150,cups,33,26,135,131
BmEKP97AByl.jpg,150,150,cups,44,92,108,142
BmEKP97AByl.jpg,150,150,cups,4,25,59,78
BmJC-VEB4FS.jpg,150,150,cups,2,8,137,149
BmKHevlAolH.jpg,150,150,cups,49,30,129,113
BmLIcDUB9LP.jpg,150,150,cups,73,69,150,138
BmLIcDUB9LP.jpg,150,150,cups,1,66,70,133
BmLIcDUB9LP.jpg,150,150,cups,5,5,72,67
BmLIcDUB9LP.jpg,150,150,cups,71,6,143,66
BmIvV7rHiHs.jpg,150,150,cups,4,1,149,150
BmEjlGQFeuv.jpg,150,150,cups,53,54,113,116
BmEjlGQFeuv.jpg,150,150,cups,111,61,150,126
BmGAB5infil.jpg,150,150,cups,16,77,120,149
BmKJYzFgU4L.jpg,150,150,cups,97,40,146,110
BmKJYzFgU4L.jpg,150,150,cups,52,44,95,106
BmKJYzFgU4L.jpg,150,150,cups,5,44,51,106
BmIujBlnOuN.jpg,150,150,cups,2,5,73,96
BmG5VFDH_eG.jpg,150,150,cups,49,21,119,79
BmG5VFDH_eG.jpg,150,150,cups,1,69,69,127
BmG5VFDH_eG.jpg,150,150,cups,87,66,150,125
BmI--NllkHT.jpg,150,150,cups,6,11,70,69
BmI--NllkHT.jpg,150,150,cups,65,112,89,150
BmGV00PjhDe.jpg,150,150,cups,10,15,110,115
BmGV00PjhDe.jpg,150,150,cups,90,17,145,75
BmKyChplimu.jpg,150,150,cups,24,21,127,150
BmJDou3h0Ge.jpg,150,150,cups,23,20,135,134
BmK7KJlAQGp.jpg,150,150,cups,84,73,127,110
BmK7KJlAQGp.jpg,150,150,cups,1,77,55,119
BmFhtn1g3Ja.jpg,150,150,cups,91,74,149,150
BmFhtn1g3Ja.jpg,150,150,cups,50,57,114,125
BmFhtn1g3Ja.jpg,150,150,cups,21,52,72,108
BmFhtn1g3Ja.jpg,150,150,cups,1,47,38,94
BmHBw68hnvG.jpg,150,150,cups,98,75,143,127
BmHBw68hnvG.jpg,150,150,cups,4,77,56,130
BmHBw68hnvG.jpg,150,150,cups,54,60,89,95
BmEJ4ysA8tf.jpg,150,150,cups,10,69,50,113
BmEJ4ysA8tf.jpg,150,150,cups,44,28,82,65
BmEJ4ysA8tf.jpg,150,150,cups,89,61,150,114
BmJAKGLh9ip.jpg,150,150,cups,3,7,139,144
BmFw_9bBtf7.jpg,150,150,cups,68,81,133,126
BmFw_9bBtf7.jpg,150,150,cups,20,83,74,129
BmKbeFflz0r.jpg,150,150,cups,12,1,73,60
BmEcR5zHF5e.jpg,150,150,cups,80,79,137,135
BmEcR5zHF5e.jpg,150,150,cups,9,78,71,131
BmGpGpzAv2W.jpg,150,150,cups,101,101,131,132
BmGpGpzAv2W.jpg,150,150,cups,63,93,87,116
BmGpGpzAv2W.jpg,150,150,cups,19,103,51,137
BmHPD7lA49K.jpg,150,150,cups,1,70,65,109
BmJEIzshxxw.jpg,150,150,cups,1,3,135,144
BmH0je8n4Oq.jpg,150,150,cups,78,7,145,140
BmH0je8n4Oq.jpg,150,150,cups,4,5,74,143
BmDxnKWnZL1.jpg,150,150,cups,80,74,133,125
BmDxnKWnZL1.jpg,150,150,cups,30,73,82,121
BmGGQm4AO8X.jpg,150,150,cups,96,79,126,114
BmGGQm4AO8X.jpg,150,150,cups,35,116,71,146
BmGGQm4AO8X.jpg,150,150,cups,21,26,48,58
BmGGQm4AO8X.jpg,150,150,cups,55,51,89,75
BmGGQm4AO8X.jpg,150,150,cups,65,8,98,31
BmGGQm4AO8X.jpg,150,150,cups,45,9,72,32
BmKbfHPFMPb.jpg,150,150,cups,13,15,81,139
BmKbfHPFMPb.jpg,150,150,cups,88,30,147,142
BmIw6K0FckE.jpg,150,150,cups,51,1,127,91
BmGgilyhtUK.jpg,150,150,cups,32,24,122,127
BmGxkEhFbT3.jpg,150,150,cups,40,24,107,113
BmGxkEhFbT3.jpg,150,150,cups,2,29,53,105
BmGxkEhFbT3.jpg,150,150,cups,93,33,140,105
BmKofgPgR7j.jpg,150,150,cups,21,46,149,150
BmKofgPgR7j.jpg,150,150,cups,82,19,150,95
BmKofgPgR7j.jpg,150,150,cups,1,17,54,84
BmGL1L0hpd-.jpg,150,150,cups,44,122,74,150
BmGL1L0hpd-.jpg,150,150,cups,10,120,43,150
BmGL1L0hpd-.jpg,150,150,cups,23,86,51,108
BmGL1L0hpd-.jpg,150,150,cups,85,74,110,98
BmFfJqtnDi3.jpg,150,150,cups,108,84,150,148
BmFfJqtnDi3.jpg,150,150,cups,61,41,117,109
BmFfJqtnDi3.jpg,150,150,cups,10,24,66,92
BmFfJqtnDi3.jpg,150,150,cups,79,1,137,58
BmHFdh9Hmte.jpg,150,150,cups,67,38,150,126
BmHFdh9Hmte.jpg,150,150,cups,1,56,76,135
BmDFwO9n_pt.jpg,150,150,cups,12,62,54,105
BmDFwO9n_pt.jpg,150,150,cups,62,15,106,55
BmHNrzIgxZ7.jpg,150,150,cups,45,79,106,130
BmHNrzIgxZ7.jpg,150,150,cups,22,36,82,78
BmHNrzIgxZ7.jpg,150,150,cups,77,43,133,84
BmHNrzIgxZ7.jpg,150,150,cups,75,3,124,44
BmHNrzIgxZ7.jpg,150,150,cups,24,1,73,41
BmHNrzIgxZ7.jpg,150,150,cups,98,96,150,148
BmHNrzIgxZ7.jpg,150,150,cups,1,82,43,144
BmDrx8IHC-s.jpg,150,150,cups,95,51,150,110
BmDrx8IHC-s.jpg,150,150,cups,52,38,101,86
BmDrx8IHC-s.jpg,150,150,cups,5,34,55,79
BmJKVjHH04H.jpg,150,150,cups,114,29,145,48
Bl2TCaDlCbA.jpg,150,150,cups,18,16,118,142
BmHvvZBg7gW.jpg,150,150,cups,1,1,35,64
BmHAcpAHMkC.jpg,150,150,cups,51,31,104,132
BmJKQk8hWx0.jpg,150,150,cups,90,17,145,133
BmJKQk8hWx0.jpg,150,150,cups,2,6,73,133
BmIfjWHguiS.jpg,150,150,cups,4,3,147,150
BmI-jDLBbbv.jpg,150,150,cups,3,43,117,145
BmIZi4fnNuO.jpg,150,150,cups,61,72,137,119
BmIZi4fnNuO.jpg,150,150,cups,64,30,140,74
BmIZi4fnNuO.jpg,150,150,cups,57,1,146,31
BmFSuovH-_3.jpg,150,150,cups,43,21,141,106
BmIo9V9h014.jpg,150,150,cups,44,68,87,115
BmH8uOXAS_s.jpg,150,150,cups,1,10,149,128
BmIDxVrHET7.jpg,150,150,cups,23,22,130,117
BmKvnRjAvGJ.jpg,150,150,cups,77,19,150,103
BmKvnRjAvGJ.jpg,150,150,cups,1,20,75,107
BmH47AanQr8.jpg,150,150,cups,65,44,137,123
BmDcF4hFjKd.jpg,150,150,cups,33,1,150,112
BmHJhV1g9wV.jpg,150,150,cups,18,42,126,105
BmHJhV1g9wV.jpg,150,150,cups,26,1,132,47
BmGbAQEB3gO.jpg,150,150,cups,19,38,118,98
BmEwRTLA1zr.jpg,150,150,cups,12,30,121,139
BmHhJhElDAc.jpg,150,150,cups,1,34,69,103
BmJKiIjAJO8.jpg,150,150,cups,10,21,129,139
BmGEHkyF5r_.jpg,150,150,cups,19,34,70,100
BmGEHkyF5r_.jpg,150,150,cups,87,25,129,74
BmLUUK8hbyw.jpg,150,150,cups,94,60,138,105
BmLUUK8hbyw.jpg,150,150,cups,19,57,61,100
BmLUUK8hbyw.jpg,150,150,cups,53,51,87,89
BmLUUK8hbyw.jpg,150,150,cups,85,47,116,83
BmJX_LhggGQ.jpg,150,150,cups,26,3,94,56
BmJB2i9hSem.jpg,150,150,cups,1,6,145,141
BmDo24LFxKe.jpg,150,150,cups,23,33,118,123
BmJmL6oA2gh.jpg,150,150,cups,70,19,148,82
BmJmL6oA2gh.jpg,150,150,cups,1,18,68,82
BmKUIerl7eR.jpg,150,150,cups,58,28,150,122
BmGIqRSAFyf.jpg,150,150,cups,28,70,94,150
BmGVOliAXsT.jpg,150,150,cups,61,22,133,129
BmGVOliAXsT.jpg,150,150,cups,20,31,73,118
BmLUgtjl7u_.jpg,150,150,cups,96,75,149,117
BmLUgtjl7u_.jpg,150,150,cups,1,77,63,135
BmKMmy5AO-c.jpg,150,150,cups,2,1,116,150
BmJO52Wgh7g.jpg,150,150,cups,50,39,143,131
BmJO52Wgh7g.jpg,150,150,cups,1,70,64,150
BmFRIRRHFG7.jpg,150,150,cups,45,19,143,99
BmD7p-kAj5o.jpg,150,150,cups,1,1,145,74
BmI1eAJneON.jpg,150,150,cups,66,77,132,131
BmI1eAJneON.jpg,150,150,cups,9,74,68,117
BmI1eAJneON.jpg,150,150,cups,103,70,150,109
BmFZMM-AoTS.jpg,150,150,cups,1,44,68,91
BmFZMM-AoTS.jpg,150,150,cups,12,89,79,142
BmFZMM-AoTS.jpg,150,150,cups,77,101,148,148
BmEyh77AYPA.jpg,150,150,cups,75,64,101,85
BmLiIj-Byia.jpg,150,150,cups,102,56,136,101
BmLiIj-Byia.jpg,150,150,cups,43,48,101,141
BmDqgfxA75E.jpg,150,150,cups,61,73,116,118
BmDqgfxA75E.jpg,150,150,cups,35,43,62,61
BmHTFsUAsIm.jpg,150,150,cups,80,75,106,104
BmHTFsUAsIm.jpg,150,150,cups,55,78,83,106
BmHTFsUAsIm.jpg,150,150,cups,35,73,58,103
BmHTFsUAsIm.jpg,150,150,cups,4,72,35,106
BmGv1d6HAUD.jpg,150,150,cups,41,15,86,55
BmGv1d6HAUD.jpg,150,150,cups,86,10,121,43
BmGv1d6HAUD.jpg,150,150,cups,122,14,150,40
BmGv1d6HAUD.jpg,150,150,cups,1,31,43,80
BmGEQjoj95K.jpg,150,150,cups,104,58,150,99
BmGEQjoj95K.jpg,150,150,cups,21,74,81,118
BmGEQjoj95K.jpg,150,150,cups,65,4,105,50
BmGEQjoj95K.jpg,150,150,cups,1,4,39,48
BmIt3r8nqt9.jpg,150,150,cups,3,34,126,150
BmHxewGjfdI.jpg,150,150,cups,12,96,87,138
BmHxewGjfdI.jpg,150,150,cups,97,22,141,86
BmHxewGjfdI.jpg,150,150,cups,64,20,103,83
BmHxewGjfdI.jpg,150,150,cups,36,19,74,84
BmKZoNQn8by.jpg,150,150,cups,72,102,91,128
BmKZoNQn8by.jpg,150,150,cups,79,133,102,149
BmKZoNQn8by.jpg,150,150,cups,9,107,31,126
BmKZoNQn8by.jpg,150,150,cups,100,90,130,115
BmEkxHeg0HM.jpg,150,150,cups,2,30,57,79
BmEkxHeg0HM.jpg,150,150,cups,7,69,62,117
BmIKu5SAbfb.jpg,150,150,cups,66,35,132,92
BmIKu5SAbfb.jpg,150,150,cups,23,1,103,51
BmLQYmRHW-u.jpg,150,150,cups,36,67,71,116
BmLQYmRHW-u.jpg,150,150,cups,67,72,104,121
BmLQYmRHW-u.jpg,150,150,cups,83,62,114,110
BmIdD9cA7-U.jpg,150,150,cups,1,69,32,112
BmIdD9cA7-U.jpg,150,150,cups,31,69,60,113
BmIdD9cA7-U.jpg,150,150,cups,59,61,90,114
BmIdD9cA7-U.jpg,150,150,cups,90,64,120,114
BmIdD9cA7-U.jpg,150,150,cups,117,70,147,113
BmEJ8XFAlcF.jpg,150,150,cups,87,111,138,150
BmEJ8XFAlcF.jpg,150,150,cups,15,112,65,150
BmEJ8XFAlcF.jpg,150,150,cups,6,65,72,107
BmEJ8XFAlcF.jpg,150,150,cups,78,65,148,109
BmEs8jZg_S0.jpg,150,150,cups,76,15,147,94
BmEs8jZg_S0.jpg,150,150,cups,5,18,77,96
BmLVHM4B8fn.jpg,150,150,cups,25,1,89,67
BmLVHM4B8fn.jpg,150,150,cups,76,42,144,106
BmLVHM4B8fn.jpg,150,150,cups,18,93,99,150
BmJbSfgjqS_.jpg,150,150,cups,87,43,110,71
BmJbSfgjqS_.jpg,150,150,cups,107,44,129,71
BmJDYdnlEAb.jpg,150,150,cups,33,34,124,103
BmHZor4gzO9.jpg,150,150,cups,7,52,91,124
BmHZor4gzO9.jpg,150,150,cups,66,12,147,80
BmJjLe8hoBV.jpg,150,150,cups,1,1,137,143
BmIsjANnDqj.jpg,150,150,cups,52,62,88,108
BmDqDRcAJh4.jpg,150,150,cups,6,1,102,88
BmIA9QTnpgL.jpg,150,150,cups,44,21,117,92
BmImBXsAq_G.jpg,150,150,cups,29,114,45,133
BmImBXsAq_G.jpg,150,150,cups,56,99,72,119
BmImBXsAq_G.jpg,150,150,cups,80,100,98,117
BmImBXsAq_G.jpg,150,150,cups,91,114,106,133
BmImBXsAq_G.jpg,150,150,cups,112,100,130,119
BmImBXsAq_G.jpg,150,150,cups,26,88,44,104
BmImBXsAq_G.jpg,150,150,cups,29,73,45,88
BmImBXsAq_G.jpg,150,150,cups,8,67,28,87
BmImBXsAq_G.jpg,150,150,cups,86,70,105,92
BmImBXsAq_G.jpg,150,150,cups,93,49,111,67
BmImBXsAq_G.jpg,150,150,cups,89,24,104,37
BmImBXsAq_G.jpg,150,150,cups,104,29,117,46
BmImBXsAq_G.jpg,150,150,cups,8,40,28,60
BmImBXsAq_G.jpg,150,150,cups,123,84,144,98
BmImBXsAq_G.jpg,150,150,cups,61,31,76,47
BmImBXsAq_G.jpg,150,150,cups,34,33,45,47
BmImBXsAq_G.jpg,150,150,cups,44,88,61,103
BmGR6logFqE.jpg,150,150,cups,80,53,140,112
BmGR6logFqE.jpg,150,150,cups,15,55,76,117
BmDSDw2gAW0.jpg,150,150,cups,107,57,146,81
BmDSDw2gAW0.jpg,150,150,cups,1,66,50,101
BmFhvA9g5Vx.jpg,150,150,cups,1,11,56,59
BmFhvA9g5Vx.jpg,150,150,cups,40,41,150,134
BmHM3xzgAdA.jpg,150,150,cups,34,51,104,138
BmHM3xzgAdA.jpg,150,150,cups,1,49,37,128
BmEySL3A-DT.jpg,150,150,cups,106,51,135,88
BmEySL3A-DT.jpg,150,150,cups,35,75,86,113
BmLD3Y4A9o1.jpg,150,150,cups,3,11,142,143
BmDxdqGH1n6.jpg,150,150,cups,93,98,150,148
BmDxdqGH1n6.jpg,150,150,cups,24,99,93,150
BmJwvVkBEjb.jpg,150,150,cups,79,42,150,131
BmJwvVkBEjb.jpg,150,150,cups,1,16,24,90
BmLjBPfBzNx.jpg,150,150,cups,64,85,89,107
BmD_ngnlWg5.jpg,150,150,cups,124,35,150,129
BmD_ngnlWg5.jpg,150,150,cups,72,34,122,130
BmD_ngnlWg5.jpg,150,150,cups,22,32,69,130
BmD_ngnlWg5.jpg,150,150,cups,1,35,22,128
BmKJ2Hyjc-6.jpg,150,150,cups,37,121,60,138
BkiT3E5gpho.jpg,150,150,cups,2,24,135,138
BmGGB3eBG7V.jpg,150,150,cups,1,27,76,112
BmLN2KHA3fi.jpg,150,150,cups,66,22,133,91
BmLN2KHA3fi.jpg,150,150,cups,7,16,74,85
BmKkfEEAb0p.jpg,150,150,cups,5,65,51,107
BmItFIWBUgO.jpg,150,150,cups,118,63,147,118
BmItFIWBUgO.jpg,150,150,cups,92,62,117,118
BmItFIWBUgO.jpg,150,150,cups,62,63,90,119
BmItFIWBUgO.jpg,150,150,cups,36,62,62,120
BmItFIWBUgO.jpg,150,150,cups,8,62,34,118
BmDox6rAwKE.jpg,150,150,cups,101,48,121,73
BmDox6rAwKE.jpg,150,150,cups,76,3,90,18
BmDox6rAwKE.jpg,150,150,cups,42,122,70,150
BmDox6rAwKE.jpg,150,150,cups,23,123,51,150
BmDox6rAwKE.jpg,150,150,cups,42,98,71,125
BmDMmH7HMRK.jpg,150,150,cups,11,52,99,118
BmDMmH7HMRK.jpg,150,150,cups,92,44,150,109
BmDMmH7HMRK.jpg,150,150,cups,47,28,115,78
BmDMmH7HMRK.jpg,150,150,cups,12,94,89,150
BmJAnFpBlgY.jpg,150,150,cups,7,8,139,144
BmIIATSnxB0.jpg,150,150,cups,91,34,127,84
BmIIATSnxB0.jpg,150,150,cups,106,75,142,125
BmIIATSnxB0.jpg,150,150,cups,77,1,115,41
BmKVnivH8yT.jpg,150,150,cups,20,1,128,150
BmIZy9jDImZ.jpg,150,150,cups,45,49,108,125
Bke5NStAOpR.jpg,150,150,cups,5,16,132,138
BjKfV0_g0mr.jpg,150,150,cups,20,14,150,134
BmDe59qF4_6.jpg,150,150,cups,127,25,150,78
BmDe59qF4_6.jpg,150,150,cups,2,38,85,98
BmDe59qF4_6.jpg,150,150,cups,1,1,40,52
BmHGXCiHLWm.jpg,150,150,cups,13,14,108,133
BmGYkNfgigg.jpg,150,150,cups,27,90,76,140
BmGYkNfgigg.jpg,150,150,cups,76,70,110,120
BmGYkNfgigg.jpg,150,150,cups,28,37,69,90
BmGYkNfgigg.jpg,150,150,cups,67,13,109,65
BmGYkNfgigg.jpg,150,150,cups,99,38,144,79
BmGYkNfgigg.jpg,150,150,cups,68,109,117,150
BmGYkNfgigg.jpg,150,150,cups,1,68,34,119
BmGYkNfgigg.jpg,150,150,cups,1,10,42,61
BmGYkNfgigg.jpg,150,150,cups,26,2,75,33
BmD_C55lMoi.jpg,150,150,cups,36,34,64,96
BmD_C55lMoi.jpg,150,150,cups,63,35,90,96
BmD_C55lMoi.jpg,150,150,cups,92,29,120,95
BmD_C55lMoi.jpg,150,150,cups,126,31,150,91
BmFb_QLAlVX.jpg,150,150,cups,1,4,119,144
BmLhZCnHpdt.jpg,150,150,cups,68,87,103,145
BmLhZCnHpdt.jpg,150,150,cups,117,83,149,138
BmLhZCnHpdt.jpg,150,150,cups,95,58,127,113
BmLhZCnHpdt.jpg,150,150,cups,32,67,70,124
BmLIjF8BDS6.jpg,150,150,cups,102,61,138,110
BmLIjF8BDS6.jpg,150,150,cups,55,7,87,54
BmLIjF8BDS6.jpg,150,150,cups,52,76,100,125
BmLIjF8BDS6.jpg,150,150,cups,6,62,42,111
BmJY8G6hNTA.jpg,150,150,cups,61,36,97,65
BmJY8G6hNTA.jpg,150,150,cups,6,45,57,82
BmJY8G6hNTA.jpg,150,150,cups,115,56,150,94
Bl0TjVBlTTg.jpg,150,150,cups,41,55,112,123
BmIgHAmgykQ.jpg,150,150,cups,86,54,135,83
BmIgHAmgykQ.jpg,150,150,cups,37,54,85,83
BmIgHAmgykQ.jpg,150,150,cups,86,82,134,105
BmIgHAmgykQ.jpg,150,150,cups,86,105,134,132
BmIgHAmgykQ.jpg,150,150,cups,37,83,85,106
BmIgHAmgykQ.jpg,150,150,cups,38,106,85,133
BmGNHPIF4Te.jpg,150,150,cups,79,3,140,45
BmGNHPIF4Te.jpg,150,150,cups,85,114,150,149
BmGNHPIF4Te.jpg,150,150,cups,20,2,75,44
BmGNHPIF4Te.jpg,150,150,cups,9,115,80,150
BmGNHPIF4Te.jpg,150,150,cups,2,89,73,123
BmGNHPIF4Te.jpg,150,150,cups,7,59,71,93
BmGNHPIF4Te.jpg,150,150,cups,78,89,149,125
BmJhNzcgFWH.jpg,150,150,cups,6,3,147,124
BmHDHdNHZRV.jpg,150,150,cups,20,1,76,58
BmIkxWwgLMy.jpg,150,150,cups,9,70,102,139
BmIkxWwgLMy.jpg,150,150,cups,92,70,150,136
BmEiqeNh2dK.jpg,150,150,cups,74,24,150,115
BmEiqeNh2dK.jpg,150,150,cups,1,30,71,109
BmJUrApFmlt.jpg,150,150,cups,6,125,23,148
BmIhfF2BkRV.jpg,150,150,cups,41,79,128,150
BmGShbtHs9D.jpg,150,150,cups,27,43,137,130
BmJZcFnBTQw.jpg,150,150,cups,94,69,144,107
BmJZcFnBTQw.jpg,150,150,cups,55,54,101,96
BmJZcFnBTQw.jpg,150,150,cups,14,56,59,103
BmJZcFnBTQw.jpg,150,150,cups,29,17,74,60
BmJZcFnBTQw.jpg,150,150,cups,85,26,135,65
BmJZcFnBTQw.jpg,150,150,cups,35,97,79,135
BmHkrEzgCaB.jpg,150,150,cups,29,4,134,150
BmKNpP4A3fA.jpg,150,150,cups,51,3,101,69
BmJt_56n4Hz.jpg,150,150,cups,46,5,109,76
BmJt_56n4Hz.jpg,150,150,cups,47,93,119,150
BmJt_56n4Hz.jpg,150,150,cups,1,59,64,126
BmJt_56n4Hz.jpg,150,150,cups,105,1,150,61
BmIrEvVglFr.jpg,150,150,cups,17,18,74,79
BmIrEvVglFr.jpg,150,150,cups,72,19,135,76
BmIrEvVglFr.jpg,150,150,cups,97,68,150,129
BmIrEvVglFr.jpg,150,150,cups,46,69,100,126
BmIrEvVglFr.jpg,150,150,cups,1,67,48,127
BmEkpf7houY.jpg,150,150,cups,21,39,83,140
BmEkpf7houY.jpg,150,150,cups,80,43,141,141
BmEAjtJnVYK.jpg,150,150,cups,21,61,86,112
BmJp43JniuD.jpg,150,150,cups,66,115,93,150
BmJp43JniuD.jpg,150,150,cups,106,123,137,150
BmJp43JniuD.jpg,150,150,cups,38,110,67,138
BmKhyiOnUhE.jpg,150,150,cups,38,42,87,100
BmKhyiOnUhE.jpg,150,150,cups,1,47,44,104
BmKhyiOnUhE.jpg,150,150,cups,1,100,46,150
BmKhyiOnUhE.jpg,150,150,cups,77,48,121,105
BmKhyiOnUhE.jpg,150,150,cups,41,95,83,145
BmKhyiOnUhE.jpg,150,150,cups,76,5,118,52
BmKhyiOnUhE.jpg,150,150,cups,106,4,150,62
BmKkPEAlagL.jpg,150,150,cups,1,43,76,126
BmJRjhPnKhU.jpg,150,150,cups,48,18,150,149
BmJRjhPnKhU.jpg,150,150,cups,2,11,79,121
BmEfu4bhj5S.jpg,150,150,cups,76,78,144,147
BmEfu4bhj5S.jpg,150,150,cups,6,77,74,150
BmEfu4bhj5S.jpg,150,150,cups,88,5,149,72
BmEfu4bhj5S.jpg,150,150,cups,1,1,72,73
BmGP86NBM9t.jpg,150,150,cups,59,67,149,150
BmD7rOOjlra.jpg,150,150,cups,16,6,101,121
BmD7rOOjlra.jpg,150,150,cups,1,6,22,122
BmHV3KRgbU_.jpg,150,150,cups,8,63,93,150
BmHV3KRgbU_.jpg,150,150,cups,82,61,128,136
BmHb4N7DWzY.jpg,150,150,cups,97,78,149,136
BmHb4N7DWzY.jpg,150,150,cups,1,40,92,129
BmFOnA5AAyr.jpg,150,150,cups,73,43,149,150
BmFOnA5AAyr.jpg,150,150,cups,22,29,87,120
BmLhYaan_p7.jpg,150,150,cups,61,82,97,135
BmLhYaan_p7.jpg,150,150,cups,97,83,134,136
BmItnLbHBcO.jpg,150,150,cups,1,49,82,140
BmItnLbHBcO.jpg,150,150,cups,70,16,150,107
BmKu5l7gE7G.jpg,150,150,cups,102,34,150,98
BmKu5l7gE7G.jpg,150,150,cups,40,52,96,117
BmKu5l7gE7G.jpg,150,150,cups,1,31,48,99
BmLPDJVH7Rq.jpg,150,150,cups,18,38,40,51
BmLPDJVH7Rq.jpg,150,150,cups,106,39,130,51
BmLPDJVH7Rq.jpg,150,150,cups,76,36,101,51
BmLPDJVH7Rq.jpg,150,150,cups,43,35,70,51
BmLPDJVH7Rq.jpg,150,150,cups,49,60,69,74
BmFJrdWgmI-.jpg,150,150,cups,99,21,150,133
BmFJrdWgmI-.jpg,150,150,cups,1,47,98,135
BmGSg48HN-a.jpg,150,150,cups,67,82,146,150
BmGSg48HN-a.jpg,150,150,cups,1,60,55,142
BmJ4M-1hHon.jpg,150,150,cups,55,70,118,107
BmJ4M-1hHon.jpg,150,150,cups,1,68,52,105
BmGirGBA0za.jpg,150,150,cups,88,27,129,60
BmGirGBA0za.jpg,150,150,cups,53,35,97,73
BmDMcVCAzRY.jpg,150,150,cups,24,52,117,128
BmIhEvmg-Cy.jpg,150,150,cups,13,13,125,124
BmLCRq2H5Ix.jpg,150,150,cups,102,35,132,66
BmLCRq2H5Ix.jpg,150,150,cups,30,3,67,35
BmLCRq2H5Ix.jpg,150,150,cups,15,118,42,144
BmLCRq2H5Ix.jpg,150,150,cups,42,115,62,132
BmGwAtbHyX-.jpg,150,150,cups,60,28,116,58
BmGwAtbHyX-.jpg,150,150,cups,80,74,145,143
BmGwAtbHyX-.jpg,150,150,cups,9,64,63,126
BmDSCzwHhGI.jpg,150,150,cups,70,98,102,123
BmDSCzwHhGI.jpg,150,150,cups,36,102,69,128
BmEq9IiHTxc.jpg,150,150,cups,7,45,37,87
BmEq9IiHTxc.jpg,150,150,cups,44,49,71,93
BmEq9IiHTxc.jpg,150,150,cups,88,48,116,97
BmEq9IiHTxc.jpg,150,150,cups,68,37,91,77
BmKp9PCl3e8.jpg,150,150,cups,15,1,127,150
BmE7J8XlXBs.jpg,150,150,cups,65,36,147,118
BmE7J8XlXBs.jpg,150,150,cups,11,21,76,90
BmDQo9LFLfl.jpg,150,150,cups,1,59,69,108
BmDQo9LFLfl.jpg,150,150,cups,71,61,130,114
BmDYqjTA7Be.jpg,150,150,cups,69,45,150,117
BmDYqjTA7Be.jpg,150,150,cups,8,31,73,92
BmDzCUAgy7k.jpg,150,150,cups,85,41,146,146
BmDzCUAgy7k.jpg,150,150,cups,2,38,52,148
BmHm-relwRo.jpg,150,150,cups,39,83,128,137
BmHm-relwRo.jpg,150,150,cups,33,47,124,87
BmHm-relwRo.jpg,150,150,cups,21,11,111,64
BmGmC8zFd3J.jpg,150,150,cups,86,39,148,112
BmGmC8zFd3J.jpg,150,150,cups,1,40,78,111
BmFiuiDhA1W.jpg,150,150,cups,81,122,121,150
BmFiuiDhA1W.jpg,150,150,cups,39,118,79,150
BmDzWEdDbXV.jpg,150,150,cups,119,108,150,143
BmDzWEdDbXV.jpg,150,150,cups,120,84,150,111
BmJZ6pkFKmQ.jpg,150,150,cups,108,87,150,124
BmJZ6pkFKmQ.jpg,150,150,cups,1,88,40,124
BmGZOT8l7UY.jpg,150,150,cups,54,74,95,110
BmHNTM8HrJP.jpg,150,150,cups,1,1,124,149
BmLgQzjHaec.jpg,150,150,cups,44,37,103,100
BmHjm2aFvqs.jpg,150,150,cups,81,86,113,118
BmHjm2aFvqs.jpg,150,150,cups,115,29,150,74
BmGiOoQg91_.jpg,150,150,cups,63,83,95,116
BmGiOoQg91_.jpg,150,150,cups,86,43,115,71
BmGiOoQg91_.jpg,150,150,cups,30,92,65,127
BmIec6-D8eT.jpg,150,150,cups,7,18,138,122
BmI-81bAUY_.jpg,150,150,cups,28,68,116,144
BmI-81bAUY_.jpg,150,150,cups,103,40,150,87
BmI-81bAUY_.jpg,150,150,cups,1,54,40,110
BmJH3vtnv9H.jpg,150,150,cups,38,41,131,121
BmFktmFlNzl.jpg,150,150,cups,105,66,150,118
BmFktmFlNzl.jpg,150,150,cups,1,68,50,120
BmJlz_kAL6Y.jpg,150,150,cups,82,2,145,65
BmJlz_kAL6Y.jpg,150,150,cups,9,1,69,63
BmEuzrNAWac.jpg,150,150,cups,88,28,149,92
BmEuzrNAWac.jpg,150,150,cups,2,31,61,93
BmHb7WgAmd_.jpg,150,150,cups,40,32,123,99
BmEHFq3nNP7.jpg,150,150,cups,30,41,108,120
BmHJ5WLnTGa.jpg,150,150,cups,14,55,69,101
BmHJ5WLnTGa.jpg,150,150,cups,63,62,133,123
BmJHUccHIPb.jpg,150,150,cups,72,65,120,110
BmJHUccHIPb.jpg,150,150,cups,31,55,76,103
BmFMP6kjBNv.jpg,150,150,cups,64,71,133,135
BmFMP6kjBNv.jpg,150,150,cups,18,67,67,121
BmDujuhgbYC.jpg,150,150,cups,109,76,150,115
BmDujuhgbYC.jpg,150,150,cups,1,13,40,59
BmIiftLlcB5.jpg,150,150,cups,52,100,103,148
BmJKqu5lTSJ.jpg,150,150,cups,5,89,36,122
BmLH8ZcHWRA.jpg,150,150,cups,35,56,150,149
BmIuwb-B-QT.jpg,150,150,cups,2,1,150,149
BmJT4ScH04S.jpg,150,150,cups,70,64,140,128
BmJT4ScH04S.jpg,150,150,cups,14,67,66,115
BmJT4ScH04S.jpg,150,150,cups,35,37,72,71
BmJT4ScH04S.jpg,150,150,cups,76,32,125,75
BmJT4ScH04S.jpg,150,150,cups,80,13,117,45
BmIDkSLgHlO.jpg,150,150,cups,21,75,83,144
BmIDkSLgHlO.jpg,150,150,cups,78,69,133,127
BmIDkSLgHlO.jpg,150,150,cups,1,69,61,115
BmK8IZFBhXi.jpg,150,150,cups,1,4,149,148
BmI4HH0nkSp.jpg,150,150,cups,67,36,150,124
BmI4HH0nkSp.jpg,150,150,cups,1,40,71,122
BlZ6w1aHZ_G.jpg,150,150,cups,5,41,82,107
BmD4ES8guJn.jpg,150,150,cups,1,5,70,113
BmD4ES8guJn.jpg,150,150,cups,38,7,146,102
BizWVl4AxWZ.jpg,150,150,cups,27,16,150,142
BmEMP9HBr5a.jpg,150,150,cups,86,45,130,97
BmDXMjpnG9h.jpg,150,150,cups,4,77,99,150
BmDXMjpnG9h.jpg,150,150,cups,81,66,150,148
BmFfW1cH4ES.jpg,150,150,cups,5,14,55,57
BmFyIFmlgPa.jpg,150,150,cups,8,27,83,123
BmFyIFmlgPa.jpg,150,150,cups,80,22,144,111
BmLJFA_Aga8.jpg,150,150,cups,15,1,137,99
BmIOVvblTx6.jpg,150,150,cups,73,28,140,85
BmDHM_Yh9GX.jpg,150,150,cups,31,46,138,147
BmDVU7Hg4rM.jpg,150,150,cups,31,8,66,50
BmDVU7Hg4rM.jpg,150,150,cups,85,23,123,66
BmDVU7Hg4rM.jpg,150,150,cups,7,92,51,137
BmI-8K0hFx3.jpg,150,150,cups,4,45,117,146
BmKhRyHBUTy.jpg,150,150,cups,98,90,150,141
BmKhRyHBUTy.jpg,150,150,cups,1,89,55,141
BmKhRyHBUTy.jpg,150,150,cups,1,13,56,63
BmKhRyHBUTy.jpg,150,150,cups,93,14,143,61
BmKhRyHBUTy.jpg,150,150,cups,48,16,95,61
BmKhRyHBUTy.jpg,150,150,cups,53,89,101,139
BmG4MYMhH2L.jpg,150,150,cups,47,104,92,150
BmG4MYMhH2L.jpg,150,150,cups,71,103,119,150
BjIOJnFAh8c.jpg,150,150,cups,18,14,150,137
BmGg4kGgVgu.jpg,150,150,cups,81,20,150,92
BmGg4kGgVgu.jpg,150,150,cups,2,5,84,96
BmIF_WcnJH1.jpg,150,150,cups,40,25,129,130
BmIF_WcnJH1.jpg,150,150,cups,1,1,61,61
BmIF_WcnJH1.jpg,150,150,cups,94,9,147,74
BmJCU7Oh8qO.jpg,150,150,cups,9,9,139,144
BmEjAW7haZF.jpg,150,150,cups,39,2,113,148
BjEi8QJgJg3.jpg,150,150,cups,16,16,143,140
BmFuR_Ihhxo.jpg,150,150,cups,32,27,83,101
BmFuR_Ihhxo.jpg,150,150,cups,1,26,33,100
BmFuR_Ihhxo.jpg,150,150,cups,84,47,128,93
BmGrsAflLcg.jpg,150,150,cups,98,16,145,60
BmGrsAflLcg.jpg,150,150,cups,58,4,107,51
BmJSWa7npmt.jpg,150,150,cups,1,67,46,147
BmIv0mYHTAz.jpg,150,150,cups,10,62,109,150
BmDTUW8AjvT.jpg,150,150,cups,46,78,126,138
BmDTUW8AjvT.jpg,150,150,cups,53,53,110,87
BmKIMF_n6xO.jpg,150,150,cups,38,27,137,122
BmJcPWlH7qK.jpg,150,150,cups,22,6,123,147
BmDsaThAAXh.jpg,150,150,cups,45,35,110,132
BmGlC04BRzQ.jpg,150,150,cups,11,36,138,150
BmH1_hxAypL.jpg,150,150,cups,13,50,122,133
BmED1VPgiQO.jpg,150,150,cups,97,101,130,134
BmED1VPgiQO.jpg,150,150,cups,60,101,93,135
BmED1VPgiQO.jpg,150,150,cups,22,101,57,135
BmED1VPgiQO.jpg,150,150,cups,1,103,21,135
BmED1VPgiQO.jpg,150,150,cups,1,69,23,99
BmED1VPgiQO.jpg,150,150,cups,25,71,58,99
BmED1VPgiQO.jpg,150,150,cups,60,67,91,100
BmED1VPgiQO.jpg,150,150,cups,95,66,129,101
BmED1VPgiQO.jpg,150,150,cups,128,66,150,96
BmED1VPgiQO.jpg,150,150,cups,127,36,150,65
BmED1VPgiQO.jpg,150,150,cups,94,36,128,66
BmED1VPgiQO.jpg,150,150,cups,60,34,90,66
BmED1VPgiQO.jpg,150,150,cups,26,35,57,67
BmED1VPgiQO.jpg,150,150,cups,1,36,22,63
BmED1VPgiQO.jpg,150,150,cups,1,5,25,33
BmED1VPgiQO.jpg,150,150,cups,26,4,58,34
BmED1VPgiQO.jpg,150,150,cups,59,6,90,35
BmED1VPgiQO.jpg,150,150,cups,92,4,124,35
BmED1VPgiQO.jpg,150,150,cups,126,6,150,31
BmHoPxkgmqR.jpg,150,150,cups,118,112,150,149
BmHoPxkgmqR.jpg,150,150,cups,96,102,131,143
BmHoPxkgmqR.jpg,150,150,cups,70,94,101,133
BmHoPxkgmqR.jpg,150,150,cups,42,91,76,128
BmD3RkkApGU.jpg,150,150,cups,18,17,121,119
BmJDPlhh9zb.jpg,150,150,cups,12,6,147,150
BmJz4Gghp4A.jpg,150,150,cups,45,68,108,132
BmJz4Gghp4A.jpg,150,150,cups,109,61,150,118
BmJz4Gghp4A.jpg,150,150,cups,1,61,42,115
BmFLjdLgVld.jpg,150,150,cups,27,47,146,121
BmED2rClOoi.jpg,150,150,cups,96,75,136,104
BmED2rClOoi.jpg,150,150,cups,55,54,92,103
BmGePODBna3.jpg,150,150,cups,20,1,147,150
BmLXadQlRCr.jpg,150,150,cups,22,39,99,90
BmLXadQlRCr.jpg,150,150,cups,72,26,125,64
BmLXadQlRCr.jpg,150,150,cups,5,25,61,62
BmJIroVn1AW.jpg,150,150,cups,109,67,147,146
BmJIroVn1AW.jpg,150,150,cups,75,68,108,147
BmJIroVn1AW.jpg,150,150,cups,37,68,78,148
BmJIroVn1AW.jpg,150,150,cups,1,68,42,147
BmLUT9PhIAU.jpg,150,150,cups,1,22,81,91
BmLUT9PhIAU.jpg,150,150,cups,76,30,136,89
BmLiuSUlCge.jpg,150,150,cups,42,29,109,123
BmJQA4rH9Fw.jpg,150,150,cups,38,27,107,124
BmDSDkyjjd0.jpg,150,150,cups,63,87,110,130
BmG-59VlmwX.jpg,150,150,cups,104,101,126,125
BmG-59VlmwX.jpg,150,150,cups,75,103,98,126
BmId7Calywu.jpg,150,150,cups,11,20,94,75
BmId7Calywu.jpg,150,150,cups,14,73,95,121
BmJoRBIBSZb.jpg,150,150,cups,13,37,134,150
BmJoRBIBSZb.jpg,150,150,cups,69,13,150,100
BmJoRBIBSZb.jpg,150,150,cups,1,7,72,95
BmFo-9kHCEh.jpg,150,150,cups,111,1,149,45
BmFo-9kHCEh.jpg,150,150,cups,13,1,52,29
BmHC_CRnuND.jpg,150,150,cups,94,62,150,145
BmHC_CRnuND.jpg,150,150,cups,76,40,128,101
BmHC_CRnuND.jpg,150,150,cups,28,39,77,104
BmHC_CRnuND.jpg,150,150,cups,1,50,34,118
BmFcdNhgX09.jpg,150,150,cups,51,6,150,137
BmFcdNhgX09.jpg,150,150,cups,1,5,48,73
BmK03tGA6y8.jpg,150,150,cups,74,30,150,129
BmK03tGA6y8.jpg,150,150,cups,1,30,75,129
BmDfFTwD9Qu.jpg,150,150,cups,55,86,105,136
BmJmOJPFd_s.jpg,150,150,cups,22,17,136,127
BmLIOfHD_XX.jpg,150,150,cups,77,75,129,113
BmLIOfHD_XX.jpg,150,150,cups,75,112,127,150
BmLIOfHD_XX.jpg,150,150,cups,24,110,76,148
BmLIOfHD_XX.jpg,150,150,cups,26,75,78,113
BmLIOfHD_XX.jpg,150,150,cups,22,38,74,76
BmLIOfHD_XX.jpg,150,150,cups,19,1,71,38
BmLIOfHD_XX.jpg,150,150,cups,73,1,125,39
BmIpYvFACs-.jpg,150,150,cups,35,32,131,114
BmGCkiBF4vs.jpg,150,150,cups,74,118,127,150
BmGCkiBF4vs.jpg,150,150,cups,102,88,145,125
BmGCkiBF4vs.jpg,150,150,cups,64,85,102,120
BmGCkiBF4vs.jpg,150,150,cups,116,70,150,94
BmI-grZnv8v.jpg,150,150,cups,14,26,146,149
BmHGw_TnfCW.jpg,150,150,cups,1,34,105,141
BmHoiMsgwFW.jpg,150,150,cups,4,29,90,143
BmHoiMsgwFW.jpg,150,150,cups,80,2,148,111
BmGIJroAeZt.jpg,150,150,cups,41,84,92,131
BmGIJroAeZt.jpg,150,150,cups,27,46,72,85
BmGIJroAeZt.jpg,150,150,cups,79,49,122,94
BmGopenlFzk.jpg,150,150,cups,122,35,150,124
BmGopenlFzk.jpg,150,150,cups,84,35,122,115
BmGopenlFzk.jpg,150,150,cups,54,36,86,112
BmGopenlFzk.jpg,150,150,cups,20,33,56,110
BmGopenlFzk.jpg,150,150,cups,1,37,25,112
BmG6nISl3aH.jpg,150,150,cups,3,1,145,149
BmE2koWlGPh.jpg,150,150,cups,1,71,63,130
BmE2koWlGPh.jpg,150,150,cups,91,68,150,126
BmE2koWlGPh.jpg,150,150,cups,65,16,134,72
BlD3_EyDdrU.jpg,150,150,cups,1,20,50,83
BmG62ADn_VG.jpg,150,150,cups,84,43,131,100
BmLRen3Fp-I.jpg,150,150,cups,33,16,119,140
BmJxyn1H7iA.jpg,150,150,cups,76,41,142,135
BmJxyn1H7iA.jpg,150,150,cups,6,43,73,134
BmF086wA5kl.jpg,150,150,cups,1,59,45,120
BmENoYZlvM2.jpg,150,150,cups,5,4,148,150
BmKYrmyhdy4.jpg,150,150,cups,77,57,101,79
BmKYrmyhdy4.jpg,150,150,cups,54,59,77,83
BmD5gmun862.jpg,150,150,cups,67,1,136,74
BmHDi6yHYEW.jpg,150,150,cups,1,14,143,143
BmEZrY0ndhT.jpg,150,150,cups,2,19,141,145
BmJW5RaAGCr.jpg,150,150,cups,33,66,61,89
BmJW5RaAGCr.jpg,150,150,cups,55,65,78,89
BmJW5RaAGCr.jpg,150,150,cups,57,48,78,66
BmJW5RaAGCr.jpg,150,150,cups,52,37,77,52
BmFvKh4HVvv.jpg,150,150,cups,108,18,137,49
BmFvKh4HVvv.jpg,150,150,cups,58,11,94,47
BmKshb1HgRI.jpg,150,150,cups,47,36,138,113
BmLW0EgDSco.jpg,150,150,cups,118,45,149,71
BmLW0EgDSco.jpg,150,150,cups,82,30,113,51
BmLW0EgDSco.jpg,150,150,cups,80,48,114,68
BmDusuSHkd_.jpg,150,150,cups,31,1,123,134
BmF7A4yAteX.jpg,150,150,cups,83,112,111,138
BmF7A4yAteX.jpg,150,150,cups,37,45,66,71
BmDvtBHgXUz.jpg,150,150,cups,67,120,84,135
BmDvtBHgXUz.jpg,150,150,cups,89,116,105,131
BmFK6J5llLM.jpg,150,150,cups,1,1,105,91
BmGKlFWj8SB.jpg,150,150,cups,19,20,120,124
BmG3EfZno1B.jpg,150,150,cups,11,26,117,125
BmETlMWnBur.jpg,150,150,cups,73,59,109,92
BmETlMWnBur.jpg,150,150,cups,47,87,75,116
BmETlMWnBur.jpg,150,150,cups,65,116,97,147
BmETlMWnBur.jpg,150,150,cups,42,21,80,59
BmETlMWnBur.jpg,150,150,cups,70,1,112,24
BmGdrk0H_EL.jpg,150,150,cups,51,98,90,139
BmDL0UrA8B-.jpg,150,150,cups,65,40,150,126
BmDL0UrA8B-.jpg,150,150,cups,1,42,68,127
BmE0IeTglP7.jpg,150,150,cups,14,90,72,138
BmE0IeTglP7.jpg,150,150,cups,103,73,136,94
BmEvRAig7J1.jpg,150,150,cups,95,55,145,117
BmEvRAig7J1.jpg,150,150,cups,28,70,93,132
BmGy0Wjg03z.jpg,150,150,cups,52,53,150,147
BmLHby5DOAI.jpg,150,150,cups,1,59,87,127
BmLHby5DOAI.jpg,150,150,cups,82,70,150,126
BmJmcehAIGq.jpg,150,150,cups,40,85,93,150
BmJmcehAIGq.jpg,150,150,cups,23,55,68,122
BmFubhQHqLH.jpg,150,150,cups,59,53,142,111
BmFubhQHqLH.jpg,150,150,cups,5,45,61,106
BmIHj81Fi5U.jpg,150,150,cups,25,100,66,147
BmIHj81Fi5U.jpg,150,150,cups,74,103,116,150
BmEfXkeBxHL.jpg,150,150,cups,8,5,73,73
BmEfXkeBxHL.jpg,150,150,cups,77,2,147,75
BmEfXkeBxHL.jpg,150,150,cups,76,78,145,145
BmEfXkeBxHL.jpg,150,150,cups,4,81,73,149
BmJAzSChYZi.jpg,150,150,cups,7,7,139,142
BmE2O7EHVGn.jpg,150,150,cups,34,9,110,149
BmGgy16AJUM.jpg,150,150,cups,1,1,149,149
BmFm7nggHyR.jpg,150,150,cups,57,47,139,123
BmDmh6jjYui.jpg,150,150,cups,20,33,111,132
BmEVL1kn7Ae.jpg,150,150,cups,7,31,65,82
BmEVL1kn7Ae.jpg,150,150,cups,2,93,70,139
BmJKCHmgBMz.jpg,150,150,cups,5,10,96,90
BmJ9MgrHibJ.jpg,150,150,cups,87,104,116,136
BmJ9MgrHibJ.jpg,150,150,cups,59,68,88,97
BmJ9MgrHibJ.jpg,150,150,cups,29,27,61,56
BmGXWTCBP2H.jpg,150,150,cups,90,62,115,101
BmGXWTCBP2H.jpg,150,150,cups,91,103,121,145
BmGXWTCBP2H.jpg,150,150,cups,20,103,47,144
BmGXWTCBP2H.jpg,150,150,cups,63,67,90,106
BmGXWTCBP2H.jpg,150,150,cups,83,23,108,60
BmGXWTCBP2H.jpg,150,150,cups,45,110,69,150
BmI7DXuA5Y1.jpg,150,150,cups,77,3,150,148
BmI7DXuA5Y1.jpg,150,150,cups,2,4,76,150
BmEmwgYhUIV.jpg,150,150,cups,26,20,83,126
BmJMFligyvA.jpg,150,150,cups,84,33,150,85
BmJMFligyvA.jpg,150,150,cups,1,40,84,97
BmHWYudghpg.jpg,150,150,cups,16,71,103,135
BmHWYudghpg.jpg,150,150,cups,68,61,129,107
BmDd7boDlj8.jpg,150,150,cups,2,87,64,139
BmKzcZzgBcX.jpg,150,150,cups,1,61,60,131
BmI-t5NhzO6.jpg,150,150,cups,2,45,116,141
BmINrdYH77t.jpg,150,150,cups,7,66,123,149
BmINrdYH77t.jpg,150,150,cups,29,1,149,78
BmEyZOrAlYy.jpg,150,150,cups,59,61,83,79
BmJ_yF1gzZL.jpg,150,150,cups,77,1,150,147
BmJ_yF1gzZL.jpg,150,150,cups,1,1,75,150
BmLiHfFnvVn.jpg,150,150,cups,67,37,86,58
BmLiHfFnvVn.jpg,150,150,cups,43,36,63,58
BmLiHfFnvVn.jpg,150,150,cups,26,34,43,59
BmIk4nhFKT3.jpg,150,150,cups,34,60,98,114
BmIk4nhFKT3.jpg,150,150,cups,107,64,150,122
BmIk4nhFKT3.jpg,150,150,cups,1,53,53,97
BmIdleOj9mM.jpg,150,150,cups,81,80,131,116
BmKP_KRB1BA.jpg,150,150,cups,34,88,95,150
BmKP_KRB1BA.jpg,150,150,cups,85,64,146,126
BmKP_KRB1BA.jpg,150,150,cups,28,27,89,89
BmKP_KRB1BA.jpg,150,150,cups,83,3,149,66
BmE5BIzhszs.jpg,150,150,cups,37,88,65,124
BmE5BIzhszs.jpg,150,150,cups,1,92,32,129
BmEG_RrgGgm.jpg,150,150,cups,120,30,150,102
BmEG_RrgGgm.jpg,150,150,cups,82,31,125,104
BmEG_RrgGgm.jpg,150,150,cups,42,27,83,99
BmEG_RrgGgm.jpg,150,150,cups,1,28,42,104
BmIuDgTH5iE.jpg,150,150,cups,14,15,146,146
BmJCiD2Bi59.jpg,150,150,cups,3,9,137,145
BmLjkpPg-mb.jpg,150,150,cups,50,62,89,101
BmLjkpPg-mb.jpg,150,150,cups,4,72,44,114
BmLjkpPg-mb.jpg,150,150,cups,81,21,125,74
BmLjkpPg-mb.jpg,150,150,cups,128,25,150,75
BmHAWODnzyn.jpg,150,150,cups,42,61,140,129
BmHAWODnzyn.jpg,150,150,cups,27,9,96,64
BmHyI6iguWE.jpg,150,150,cups,42,71,85,110
BmHyI6iguWE.jpg,150,150,cups,1,80,40,123
BmK0sQyHBEk.jpg,150,150,cups,6,83,63,150
BmK0sQyHBEk.jpg,150,150,cups,70,1,127,49
BmDUvflAjIO.jpg,150,150,cups,72,35,150,125
BmDUvflAjIO.jpg,150,150,cups,1,36,71,123
BmHD1lRHf1j.jpg,150,150,cups,1,5,99,112
BmDmg75Btwy.jpg,150,150,cups,53,68,130,123
BmENCG9ldkP.jpg,150,150,cups,14,10,112,143
BmHhFCOF1XF.jpg,150,150,cups,30,76,117,139
BmJCePGh1pr.jpg,150,150,cups,48,58,103,117
BmJCePGh1pr.jpg,150,150,cups,110,57,150,115
BmJCePGh1pr.jpg,150,150,cups,1,60,44,120
BmJCePGh1pr.jpg,150,150,cups,1,36,47,75
BmJCePGh1pr.jpg,150,150,cups,51,37,95,68
BmJCePGh1pr.jpg,150,150,cups,100,36,144,78
BmI_2GPh4kU.jpg,150,150,cups,1,28,119,143
BmFvJ4uBzkF.jpg,150,150,cups,73,83,145,150
BmFvJ4uBzkF.jpg,150,150,cups,1,65,61,138
BmLQKfIgn70.jpg,150,150,cups,31,9,67,53
BmLQKfIgn70.jpg,150,150,cups,74,14,105,50
BmLQKfIgn70.jpg,150,150,cups,105,10,141,44
BmGDSeFFyio.jpg,150,150,cups,15,65,115,133
BmKRCaKHC8p.jpg,150,150,cups,60,88,95,112
BmKRCaKHC8p.jpg,150,150,cups,58,30,89,51
BmHcFrSgWDW.jpg,150,150,cups,6,63,99,150
BmDbKXRghyV.jpg,150,150,cups,4,54,88,127
BmDbKXRghyV.jpg,150,150,cups,85,53,150,120
BmEaNvCl4U1.jpg,150,150,cups,103,14,126,31
BmEaNvCl4U1.jpg,150,150,cups,107,30,128,47
BmEaNvCl4U1.jpg,150,150,cups,54,21,73,34
BmD7ESAAaqo.jpg,150,150,cups,79,26,140,76
BmD7ESAAaqo.jpg,150,150,cups,20,14,60,79
BmKq12Ug74d.jpg,150,150,cups,28,53,87,117
BmKq12Ug74d.jpg,150,150,cups,117,25,150,82
BmJMBL7gq7R.jpg,150,150,cups,68,54,128,98
BmJMBL7gq7R.jpg,150,150,cups,1,55,52,115
BmLZgJWlHkE.jpg,150,150,cups,1,51,51,111
BmLZgJWlHkE.jpg,150,150,cups,57,63,117,123
BmLZgJWlHkE.jpg,150,150,cups,99,31,150,86
BmLZgJWlHkE.jpg,150,150,cups,40,31,89,86
BmHFBhgHQ0q.jpg,150,150,cups,37,82,68,114
BmHFBhgHQ0q.jpg,150,150,cups,9,78,37,107
BmHFBhgHQ0q.jpg,150,150,cups,71,91,96,125
BmHFBhgHQ0q.jpg,150,150,cups,42,108,84,145
BmLU6jPgk4M.jpg,150,150,cups,47,61,110,149
BmLU6jPgk4M.jpg,150,150,cups,110,50,150,133
BmLU6jPgk4M.jpg,150,150,cups,1,46,37,128
BmLU6jPgk4M.jpg,150,150,cups,31,45,72,124
BmECMvGDJ2o.jpg,150,150,cups,82,115,119,142
BmECMvGDJ2o.jpg,150,150,cups,116,109,150,134
BmH8PEwlrhU.jpg,150,150,cups,47,75,88,108
BmItnx6Dlwp.jpg,150,150,cups,25,62,106,140
BmJjZjWhb_U.jpg,150,150,cups,3,1,132,136
BmC-q53gmWB.jpg,150,150,cups,6,8,104,106
BmC-q53gmWB.jpg,150,150,cups,100,68,149,115
BmC-q53gmWB.jpg,150,150,cups,67,99,112,145
BmKprDvFyde.jpg,150,150,cups,28,73,137,134
BmKprDvFyde.jpg,150,150,cups,30,34,136,75
BmJLATyHv0h.jpg,150,150,cups,110,8,150,125
BmJ-icJnu9v.jpg,150,150,cups,75,111,107,148
BmJ-icJnu9v.jpg,150,150,cups,38,113,73,150
BmJ-icJnu9v.jpg,150,150,cups,18,94,52,128
BmJQ4XYD_7a.jpg,150,150,cups,1,58,69,125
BmDW6WwFgd4.jpg,150,150,cups,21,71,97,134
BmDW6WwFgd4.jpg,150,150,cups,62,16,129,77
BmD-p8qBmrT.jpg,150,150,cups,27,63,72,100
BmD-p8qBmrT.jpg,150,150,cups,31,114,75,147
BmI6lDIhYmK.jpg,150,150,cups,90,97,119,130
BmI6lDIhYmK.jpg,150,150,cups,122,98,150,128
BmJBkqXBER0.jpg,150,150,cups,2,6,138,150
Bl6O96gAsAc.jpg,150,150,cups,88,60,144,140
Bl6O96gAsAc.jpg,150,150,cups,31,60,88,139
BmE-p9MhYxc.jpg,150,150,cups,32,62,71,135
BmB2Jp0BqyG.jpg,150,150,cups,69,4,150,64
BmB2Jp0BqyG.jpg,150,150,cups,62,56,137,119
BmILsnqHW8h.jpg,150,150,cups,1,19,97,129
BmILsnqHW8h.jpg,150,150,cups,94,19,150,148
BmI1N2aB4iX.jpg,150,150,cups,9,22,56,78
BmI1N2aB4iX.jpg,150,150,cups,57,24,99,78
BmI1N2aB4iX.jpg,150,150,cups,101,22,145,79
BmI1N2aB4iX.jpg,150,150,cups,11,81,55,135
BmI1N2aB4iX.jpg,150,150,cups,55,81,99,136
BmI1N2aB4iX.jpg,150,150,cups,102,81,142,136
BmLcPMjgK1D.jpg,150,150,cups,1,14,136,150
BmGHaXElkht.jpg,150,150,cups,32,105,66,138
BmGHaXElkht.jpg,150,150,cups,62,95,96,127
BmHniezBUJS.jpg,150,150,cups,62,20,128,75
BmHniezBUJS.jpg,150,150,cups,109,43,150,115
BmHniezBUJS.jpg,150,150,cups,1,18,55,83
BmIS1NuHd3p.jpg,150,150,cups,91,28,150,108
BmIS1NuHd3p.jpg,150,150,cups,1,37,31,96
BmJga3NHJY2.jpg,150,150,cups,25,59,66,127
BmG1tDslNb_.jpg,150,150,cups,11,29,150,149
BmJS4TZAWqH.jpg,150,150,cups,72,31,150,114
BmJS4TZAWqH.jpg,150,150,cups,1,30,78,109
BmGWW6UAzFM.jpg,150,150,cups,59,111,98,146
BmGWW6UAzFM.jpg,150,150,cups,104,57,145,94
BmGWW6UAzFM.jpg,150,150,cups,120,111,148,144
BmGWW6UAzFM.jpg,150,150,cups,5,108,47,145
BmGWW6UAzFM.jpg,150,150,cups,53,61,94,98
BmGWW6UAzFM.jpg,150,150,cups,108,8,144,44
BmGWW6UAzFM.jpg,150,150,cups,55,12,95,46
BmGWW6UAzFM.jpg,150,150,cups,15,17,51,50
BmGWW6UAzFM.jpg,150,150,cups,1,60,43,97
BmD3HawggSI.jpg,150,150,cups,1,18,89,128
BmLb3C-H1cf.jpg,150,150,cups,5,1,138,121
BmF7oqNgPIo.jpg,150,150,cups,75,48,145,145
BmF7oqNgPIo.jpg,150,150,cups,23,36,93,107
BmKKBlkA_lw.jpg,150,150,cups,3,52,43,98
BmKKBlkA_lw.jpg,150,150,cups,105,46,145,92
BmKKBlkA_lw.jpg,150,150,cups,74,48,106,94
BmKKBlkA_lw.jpg,150,150,cups,42,47,74,93
BmEo0ZQlCgV.jpg,150,150,cups,22,1,129,150
BmJym4anrP6.jpg,150,150,cups,121,41,148,92
BmJym4anrP6.jpg,150,150,cups,95,41,122,96
BmJym4anrP6.jpg,150,150,cups,67,35,96,95
BmJym4anrP6.jpg,150,150,cups,39,35,69,97
BmJym4anrP6.jpg,150,150,cups,7,37,40,99
BmGh5iHAGXu.jpg,150,150,cups,6,106,63,148
BmDTi0HDIKu.jpg,150,150,cups,43,88,89,137
BmDTi0HDIKu.jpg,150,150,cups,31,15,78,57
BmDTi0HDIKu.jpg,150,150,cups,13,52,60,98
BmDTi0HDIKu.jpg,150,150,cups,58,49,103,93
BmHExcgn0Ya.jpg,150,150,cups,56,116,89,150
BmHExcgn0Ya.jpg,150,150,cups,22,121,58,150
BmHExcgn0Ya.jpg,150,150,cups,1,107,35,144
BmIj9QXAJOp.jpg,150,150,cups,37,45,125,108
BmH5hqBBn-4.jpg,150,150,cups,49,66,98,108
BmD_Ow-gnRp.jpg,150,150,cups,12,48,74,138
BmD_Ow-gnRp.jpg,150,150,cups,77,48,140,138
BmKwII5j5Q_.jpg,150,150,cups,27,5,119,97
BmKDwjVhMQ8.jpg,150,150,cups,26,31,73,71
BmKDwjVhMQ8.jpg,150,150,cups,47,66,84,106
BmKDwjVhMQ8.jpg,150,150,cups,16,67,60,107
BkhZJ7aArbt.jpg,150,150,cups,1,16,135,134
BmKo9b1hf3T.jpg,150,150,cups,76,62,132,117
BmKo9b1hf3T.jpg,150,150,cups,26,30,79,132
BmLdMDzAYjS.jpg,150,150,cups,38,34,115,121
BmF1leRgGqU.jpg,150,150,cups,20,121,41,147
BmF1leRgGqU.jpg,150,150,cups,15,46,41,65
BmF1leRgGqU.jpg,150,150,cups,47,112,62,129
BmF1leRgGqU.jpg,150,150,cups,62,107,77,124
BmF1leRgGqU.jpg,150,150,cups,77,105,89,119
BmF1leRgGqU.jpg,150,150,cups,1,47,18,62
BmF1leRgGqU.jpg,150,150,cups,14,33,40,48
BmF1leRgGqU.jpg,150,150,cups,1,129,19,150
BmJatBbgUil.jpg,150,150,cups,3,49,61,100
BmJatBbgUil.jpg,150,150,cups,52,45,99,87
BmF7P0JAJLk.jpg,150,150,cups,22,61,110,140
BmGYhaVFgzJ.jpg,150,150,cups,31,23,150,106
BmGYhaVFgzJ.jpg,150,150,cups,1,5,62,69
BmJPinQAfS-.jpg,150,150,cups,91,79,121,105
BmJPinQAfS-.jpg,150,150,cups,49,76,95,107
BmJIvsgBaDr.jpg,150,150,cups,72,8,150,115
BmJIvsgBaDr.jpg,150,150,cups,1,6,83,140
BmKRf_ggk-G.jpg,150,150,cups,98,59,148,113
BmKRf_ggk-G.jpg,150,150,cups,50,58,99,112
BmKRf_ggk-G.jpg,150,150,cups,1,59,51,113
BmDGPsugouB.jpg,150,150,cups,11,68,78,150
BmDGPsugouB.jpg,150,150,cups,49,12,105,82
BmI7vjgH8N1.jpg,150,150,cups,66,122,93,149
BmI7vjgH8N1.jpg,150,150,cups,83,77,106,102
BmI7vjgH8N1.jpg,150,150,cups,52,70,75,89
BmKabEzl0VN.jpg,150,150,cups,89,31,144,142
BmKabEzl0VN.jpg,150,150,cups,15,17,81,140
BjH2ou7gj-n.jpg,150,150,cups,73,23,150,124
BjH2ou7gj-n.jpg,150,150,cups,1,20,80,123
BmEET2sgat4.jpg,150,150,cups,68,64,150,138
BmEET2sgat4.jpg,150,150,cups,16,64,74,131
BmI-JnNlPfJ.jpg,150,150,cups,82,74,130,132
BmI-JnNlPfJ.jpg,150,150,cups,29,72,75,134
BmI-JnNlPfJ.jpg,150,150,cups,1,67,34,128
BmI-JnNlPfJ.jpg,150,150,cups,122,62,150,118
BmI-JnNlPfJ.jpg,150,150,cups,60,45,96,91
BmF6i9qjM1Y.jpg,150,150,cups,18,26,130,132
BmKQ0kVne8w.jpg,150,150,cups,3,87,39,118
BmKQ0kVne8w.jpg,150,150,cups,70,124,88,150
BmKQ0kVne8w.jpg,150,150,cups,76,79,107,102
BmKQ0kVne8w.jpg,150,150,cups,76,101,108,121
BmKQ0kVne8w.jpg,150,150,cups,47,118,68,150
BmKQ0kVne8w.jpg,150,150,cups,27,116,48,150
BmI-SJvH1CF.jpg,150,150,cups,50,28,98,132
BmI-SJvH1CF.jpg,150,150,cups,107,24,150,131
BmI-SJvH1CF.jpg,150,150,cups,1,32,42,136
BmFBlC4BevH.jpg,150,150,cups,73,73,109,135
BmFBlC4BevH.jpg,150,150,cups,1,66,51,124
BmDE6aehLuo.jpg,150,150,cups,75,45,149,105
BmDE6aehLuo.jpg,150,150,cups,1,51,97,127
BmEYHt2hFvA.jpg,150,150,cups,109,54,145,88
BmEYHt2hFvA.jpg,150,150,cups,16,62,37,86
Bjevq8sBe_j.jpg,150,150,cups,1,53,32,85
BmKypnNF-1I.jpg,150,150,cups,46,26,134,119
BmJiAK3H5yW.jpg,150,150,cups,8,51,59,119
BmJUwvulxX_.jpg,150,150,cups,35,73,78,118
BmJUwvulxX_.jpg,150,150,cups,17,32,61,73
Bln0tO0nKe9.jpg,150,150,cups,27,9,137,118
BmGSDNtAP4W.jpg,150,150,cups,80,25,139,78
BmGSDNtAP4W.jpg,150,150,cups,20,14,61,81
BmJ2Tkdn-I5.jpg,150,150,cups,18,75,77,115
BmF-7YtH8Hj.jpg,150,150,cups,80,93,120,123
BmF-7YtH8Hj.jpg,150,150,cups,22,83,73,115
BmK-VntASaJ.jpg,150,150,cups,76,63,147,135
BmK-VntASaJ.jpg,150,150,cups,6,60,77,138
BmK-VntASaJ.jpg,150,150,cups,4,33,73,76
BmK-VntASaJ.jpg,150,150,cups,2,4,66,51
BmK-VntASaJ.jpg,150,150,cups,54,10,92,66
BmK-VntASaJ.jpg,150,150,cups,92,5,149,51
BmK-VntASaJ.jpg,150,150,cups,85,36,150,72
BmK1jWMlX1l.jpg,150,150,cups,23,1,113,85
BmDFqhJAnxV.jpg,150,150,cups,1,78,54,138
BmDFqhJAnxV.jpg,150,150,cups,25,53,95,113
BjJ-YwZAqXf.jpg,150,150,cups,1,31,150,130
BmIhkk3BBu1.jpg,150,150,cups,85,64,150,108
BmJjikPAsJ7.jpg,150,150,cups,107,60,144,98
BmJjikPAsJ7.jpg,150,150,cups,74,62,108,101
BmJjikPAsJ7.jpg,150,150,cups,40,62,73,103
BmJjikPAsJ7.jpg,150,150,cups,2,63,39,102
BmHFr8XnGGJ.jpg,150,150,cups,58,84,83,105
BmHFr8XnGGJ.jpg,150,150,cups,121,26,145,52
BmHFr8XnGGJ.jpg,150,150,cups,96,25,120,48
BmHFr8XnGGJ.jpg,150,150,cups,1,93,27,121
BmHFr8XnGGJ.jpg,150,150,cups,34,99,58,123
BmHB2oaFbAl.jpg,150,150,cups,46,78,74,101
BmGi2OlH_RY.jpg,150,150,cups,107,62,144,110
BmGi2OlH_RY.jpg,150,150,cups,74,47,110,107
BmGi2OlH_RY.jpg,150,150,cups,40,60,75,108
BmGi2OlH_RY.jpg,150,150,cups,4,47,45,107
BmIhlcwFUE8.jpg,150,150,cups,6,98,36,125
BmIhlcwFUE8.jpg,150,150,cups,36,111,62,140
BmIhlcwFUE8.jpg,150,150,cups,61,100,90,127
BmIhlcwFUE8.jpg,150,150,cups,88,108,118,136
BmIhlcwFUE8.jpg,150,150,cups,110,97,142,124
BmIhlcwFUE8.jpg,150,150,cups,80,85,113,108
BmIhlcwFUE8.jpg,150,150,cups,31,84,61,109
BmD8qp9AvDl.jpg,150,150,cups,73,48,130,89
BmD8qp9AvDl.jpg,150,150,cups,72,83,130,122
BmD8qp9AvDl.jpg,150,150,cups,17,47,71,87
BmD8qp9AvDl.jpg,150,150,cups,19,85,71,121
BmJd7ZrH7qI.jpg,150,150,cups,23,75,69,119
BmJd7ZrH7qI.jpg,150,150,cups,95,85,136,120
BmJd7ZrH7qI.jpg,150,150,cups,20,28,66,71
BmITUzcgYqh.jpg,150,150,cups,112,56,150,97
BmITUzcgYqh.jpg,150,150,cups,77,25,105,72
BmJxPavhI27.jpg,150,150,cups,61,7,86,31
BmJxPavhI27.jpg,150,150,cups,66,53,86,72
BmJxPavhI27.jpg,150,150,cups,2,66,24,88
BmIjSHPlOyy.jpg,150,150,cups,22,12,129,146
BmLXza0nnV6.jpg,150,150,cups,9,10,82,150
BmLXza0nnV6.jpg,150,150,cups,79,11,149,150
BmI4ZRqATvM.jpg,150,150,cups,79,19,150,87
BmI4ZRqATvM.jpg,150,150,cups,1,24,75,87
BmDd904gMOf.jpg,150,150,cups,88,43,125,73
BmDd904gMOf.jpg,150,150,cups,56,45,98,85
BmDd904gMOf.jpg,150,150,cups,23,52,70,96
BmDd904gMOf.jpg,150,150,cups,1,58,32,108
BmJSLfRD5VJ.jpg,150,150,cups,100,72,142,114
BmIcBF0Bqqq.jpg,150,150,cups,57,50,150,141
BmDjArTgiBW.jpg,150,150,cups,35,17,77,66
BmDjArTgiBW.jpg,150,150,cups,81,17,120,51
BmHFyD4hF5y.jpg,150,150,cups,4,12,150,123
BmI51mLDF29.jpg,150,150,cups,1,23,84,94
BmDC5fhlTJP.jpg,150,150,cups,36,5,128,117
BmKZZlxl6Jo.jpg,150,150,cups,4,72,28,96
BmKZZlxl6Jo.jpg,150,150,cups,61,67,88,94
BmKZZlxl6Jo.jpg,150,150,cups,122,75,146,99
BmKZZlxl6Jo.jpg,150,150,cups,30,66,57,93
BmKZZlxl6Jo.jpg,150,150,cups,95,69,122,96
BmIM4CzAUB6.jpg,150,150,cups,1,21,85,111
BmFGN_MgWYf.jpg,150,150,cups,69,56,146,140
BmFGN_MgWYf.jpg,150,150,cups,30,40,90,112
BmK_f_2n684.jpg,150,150,cups,111,115,128,130
BmK_f_2n684.jpg,150,150,cups,81,125,103,141
BmK_f_2n684.jpg,150,150,cups,35,140,57,150
BmK_f_2n684.jpg,150,150,cups,133,114,149,127
BmIAHyOh7JT.jpg,150,150,cups,56,115,103,150
BmJl0Nol6E_.jpg,150,150,cups,23,17,135,127
BmJsWbSAG28.jpg,150,150,cups,69,36,146,101
BmJsWbSAG28.jpg,150,150,cups,2,43,68,113
BmGujANg7rz.jpg,150,150,cups,90,50,147,145
BmGujANg7rz.jpg,150,150,cups,31,49,91,145
BmGujANg7rz.jpg,150,150,cups,5,4,63,99
BmDfRTCjR6-.jpg,150,150,cups,20,33,136,131
BmDJX_NgBP1.jpg,150,150,cups,60,74,109,118
BmKBmbDH_xi.jpg,150,150,cups,39,37,71,64
BmKBmbDH_xi.jpg,150,150,cups,79,38,111,65
BmKBmbDH_xi.jpg,150,150,cups,39,80,71,107
BmKBmbDH_xi.jpg,150,150,cups,78,80,110,107
BmJJRpMlj6y.jpg,150,150,cups,15,76,84,145
BmHaT0TB826.jpg,150,150,cups,77,86,142,137
BmHaT0TB826.jpg,150,150,cups,20,88,79,137
BmHaT0TB826.jpg,150,150,cups,57,44,98,87
BmHaT0TB826.jpg,150,150,cups,99,45,149,82
BmHaT0TB826.jpg,150,150,cups,43,8,89,44
BmHaT0TB826.jpg,150,150,cups,8,47,62,85
BmGefRWBJS1.jpg,150,150,cups,87,5,150,140
BmGefRWBJS1.jpg,150,150,cups,1,5,81,142
BmEFhXAHtwr.jpg,150,150,cups,2,34,49,71
BmDla1EA7hJ.jpg,150,150,cups,104,40,149,135
BmDla1EA7hJ.jpg,150,150,cups,1,77,98,150
BmDla1EA7hJ.jpg,150,150,cups,12,4,88,70
BmFRmASnIsN.jpg,150,150,cups,37,30,131,92
BmGYRzsHnqX.jpg,150,150,cups,39,4,114,84
BmDSFa7nIUj.jpg,150,150,cups,68,1,150,69
BmDSFa7nIUj.jpg,150,150,cups,1,25,73,122
BmKVk_OHYOH.jpg,150,150,cups,15,13,132,144
BmDoXFHBHls.jpg,150,150,cups,1,46,128,147
BmDoXFHBHls.jpg,150,150,cups,1,4,81,51
BmLGEpPFjgw.jpg,150,150,cups,14,80,69,124
BmLGEpPFjgw.jpg,150,150,cups,68,78,120,123
BmJ-g3TBdCN.jpg,150,150,cups,14,26,145,145
BmGtRnzAnQE.jpg,150,150,cups,54,22,85,59
BmGtRnzAnQE.jpg,150,150,cups,40,51,72,90
BmGtRnzAnQE.jpg,150,150,cups,69,52,103,90
BmGtRnzAnQE.jpg,150,150,cups,26,81,58,121
BmGtRnzAnQE.jpg,150,150,cups,57,83,88,122
BmGtRnzAnQE.jpg,150,150,cups,87,83,121,126
BmKrjacgGQ3.jpg,150,150,cups,53,87,124,146
BmKrjacgGQ3.jpg,150,150,cups,22,75,77,136
BmKnJ9Fnd42.jpg,150,150,cups,1,15,83,126
BmKnJ9Fnd42.jpg,150,150,cups,67,1,149,87
BmFy_vsA28R.jpg,150,150,cups,30,55,102,132
BmFy_vsA28R.jpg,150,150,cups,121,31,150,95
BmFy_vsA28R.jpg,150,150,cups,1,24,34,87
BmKtU8mA825.jpg,150,150,cups,8,1,91,39
BmEDitYgvyl.jpg,150,150,cups,82,43,128,104
BmEDitYgvyl.jpg,150,150,cups,29,46,78,104
BmFgu62jqoK.jpg,150,150,cups,76,91,121,138
BmFgu62jqoK.jpg,150,150,cups,15,58,48,88
BmFgu62jqoK.jpg,150,150,cups,13,90,58,125
Bh0_FppAhp2.jpg,150,150,cups,22,3,150,144
BmFSgMaA101.jpg,150,150,cups,2,75,49,134
BmFSgMaA101.jpg,150,150,cups,114,68,150,109
BmJ6UXMBcCu.jpg,150,150,cups,103,91,141,132
BmJ6UXMBcCu.jpg,150,150,cups,71,90,105,129
BmJ6UXMBcCu.jpg,150,150,cups,42,90,75,128
BmJ6UXMBcCu.jpg,150,150,cups,16,93,47,124
BmLQedEDk4Y.jpg,150,150,cups,51,116,88,148
BmLQedEDk4Y.jpg,150,150,cups,5,111,45,142
BmLQedEDk4Y.jpg,150,150,cups,12,80,52,111
BmLQedEDk4Y.jpg,150,150,cups,57,70,89,103
BmKgZNLhwVp.jpg,150,150,cups,1,1,92,74
BmFLrS-gtxM.jpg,150,150,cups,126,101,150,140
BmFLrS-gtxM.jpg,150,150,cups,79,102,121,140
BmFLrS-gtxM.jpg,150,150,cups,1,96,47,142
BmFLrS-gtxM.jpg,150,150,cups,60,71,94,107
BmFLrS-gtxM.jpg,150,150,cups,116,12,150,50
BmFLrS-gtxM.jpg,150,150,cups,38,36,81,75
BmFLrS-gtxM.jpg,150,150,cups,46,2,79,41
BmJvxfaHTI3.jpg,150,150,cups,47,55,98,127
BmJvxfaHTI3.jpg,150,150,cups,21,45,70,110
BmJvxfaHTI3.jpg,150,150,cups,71,45,117,108
BmDqEWgni5t.jpg,150,150,cups,31,108,69,137
BmDqEWgni5t.jpg,150,150,cups,115,55,148,98
BmHNBKZno2C.jpg,150,150,cups,31,38,85,84
BmHNBKZno2C.jpg,150,150,cups,103,18,150,80
BmHiQAMHJQP.jpg,150,150,cups,31,23,139,120
BmD2gxnFHEj.jpg,150,150,cups,46,79,112,146
BmIcmTrAzMj.jpg,150,150,cups,86,52,146,118
BmIcmTrAzMj.jpg,150,150,cups,1,48,28,112
BmI2eqvlKNj.jpg,150,150,cups,28,33,147,124
BmEA7GeFPJi.jpg,150,150,cups,58,110,93,150
BmEA7GeFPJi.jpg,150,150,cups,2,107,39,150
BmEA7GeFPJi.jpg,150,150,cups,120,109,149,150
BmEA7GeFPJi.jpg,150,150,cups,115,60,147,92
BmEA7GeFPJi.jpg,150,150,cups,63,59,95,97
BmEA7GeFPJi.jpg,150,150,cups,8,60,42,95
BmEA7GeFPJi.jpg,150,150,cups,12,24,45,52
BmEA7GeFPJi.jpg,150,150,cups,60,22,91,50
BmEA7GeFPJi.jpg,150,150,cups,104,21,134,52
BmEA7GeFPJi.jpg,150,150,cups,102,1,128,17
BmEA7GeFPJi.jpg,150,150,cups,62,1,89,18
BmEA7GeFPJi.jpg,150,150,cups,19,1,46,21
BmKp2vIAFfz.jpg,150,150,cups,6,82,63,135
BmLeRQvHh8n.jpg,150,150,cups,1,1,150,149
BmHS6rAl-JW.jpg,150,150,cups,107,77,131,109
BmHS6rAl-JW.jpg,150,150,cups,132,76,150,110
BmHS6rAl-JW.jpg,150,150,cups,112,49,130,73
BmHS6rAl-JW.jpg,150,150,cups,131,50,150,72
BiHTGyBltpf.jpg,150,150,cups,1,38,67,80
BiHTGyBltpf.jpg,150,150,cups,48,43,142,100
BiHTGyBltpf.jpg,150,150,cups,85,19,138,52
BmDhww7AhyA.jpg,150,150,cups,37,5,104,128
BmGp6mEFifv.jpg,150,150,cups,68,66,150,140
BmJGFQSgyCp.jpg,150,150,cups,21,92,71,146
BmJGFQSgyCp.jpg,150,150,cups,9,81,44,128
BmJGFQSgyCp.jpg,150,150,cups,66,90,114,140
BmJGFQSgyCp.jpg,150,150,cups,28,25,76,68
BmJGFQSgyCp.jpg,150,150,cups,26,66,71,92
BmJGFQSgyCp.jpg,150,150,cups,98,83,144,131
BmJGFQSgyCp.jpg,150,150,cups,67,50,112,92
BmKWMx-B9hH.jpg,150,150,cups,76,51,108,86
BmKWMx-B9hH.jpg,150,150,cups,105,49,131,84
BmE2sc_g7BV.jpg,150,150,cups,14,62,100,116
BmE2sc_g7BV.jpg,150,150,cups,26,26,107,78
BmE2sc_g7BV.jpg,150,150,cups,24,103,116,150
BmJyKslAi-b.jpg,150,150,cups,32,1,135,147
BloDZPqnPGM.jpg,150,150,cups,24,15,147,108
BmEU9JYH41G.jpg,150,150,cups,89,24,150,81
BmEU9JYH41G.jpg,150,150,cups,1,41,86,110
BmLVmcPANIl.jpg,150,150,cups,29,1,100,61
BmIp7xNBZYb.jpg,150,150,cups,107,10,150,69
BmJjRAPhdkj.jpg,150,150,cups,1,67,93,150
BmJjRAPhdkj.jpg,150,150,cups,33,1,125,87
BmIck7mnBTK.jpg,150,150,cups,79,58,135,115
BmIck7mnBTK.jpg,150,150,cups,10,38,68,99
BmKjP57FbuO.jpg,150,150,cups,8,23,35,64
BmKjP57FbuO.jpg,150,150,cups,30,21,57,62
BmKjP57FbuO.jpg,150,150,cups,54,17,79,62
BmKjP57FbuO.jpg,150,150,cups,129,48,150,92
BmKjP57FbuO.jpg,150,150,cups,108,48,129,92
BmKjP57FbuO.jpg,150,150,cups,86,48,107,92
BmKloxfFUNA.jpg,150,150,cups,24,14,137,138
BmKJqQiAjzE.jpg,150,150,cups,5,22,124,150
BmIedHcg4fa.jpg,150,150,cups,12,95,69,150
BmIedHcg4fa.jpg,150,150,cups,71,96,121,150
BmGzYKBFtog.jpg,150,150,cups,86,82,136,137
BmGzYKBFtog.jpg,150,150,cups,40,78,84,130
BmLXPHqhcuD.jpg,150,150,cups,2,1,121,150
BmKUT_4g8N9.jpg,150,150,cups,87,98,121,137
BmKUT_4g8N9.jpg,150,150,cups,117,100,150,146
BmKBYSoB1Q5.jpg,150,150,cups,1,42,93,129
BmKBYSoB1Q5.jpg,150,150,cups,77,53,150,150
BmKBYSoB1Q5.jpg,150,150,cups,1,4,53,54
BmKBYSoB1Q5.jpg,150,150,cups,93,23,150,62
BmDg8TjHefW.jpg,150,150,cups,5,14,132,135
BmIvpppHbWW.jpg,150,150,cups,1,16,136,150
BmFfWMagB5E.jpg,150,150,cups,104,100,148,138
BmFfWMagB5E.jpg,150,150,cups,58,103,103,149
BcwB-ZMFge0.jpg,150,150,cups,57,63,150,149
BcwB-ZMFge0.jpg,150,150,cups,1,52,77,124
BmFTF2unN-q.jpg,150,150,cups,37,2,135,95
BmFTF2unN-q.jpg,150,150,cups,3,7,34,35
BmFTF2unN-q.jpg,150,150,cups,2,35,33,63
BmFTF2unN-q.jpg,150,150,cups,3,63,34,91
BmFTF2unN-q.jpg,150,150,cups,3,95,32,122
BmFTF2unN-q.jpg,150,150,cups,3,122,31,149
BmFTF2unN-q.jpg,150,150,cups,31,96,60,121
BmFTF2unN-q.jpg,150,150,cups,32,124,59,148
BmFTF2unN-q.jpg,150,150,cups,60,97,89,123
BmFTF2unN-q.jpg,150,150,cups,60,123,89,149
BmFTF2unN-q.jpg,150,150,cups,88,95,118,121
BmFTF2unN-q.jpg,150,150,cups,88,122,117,148
BmFTF2unN-q.jpg,150,150,cups,119,95,148,121
BmFTF2unN-q.jpg,150,150,cups,120,123,149,150
BmGViFEAxe9.jpg,150,150,cups,61,109,93,137
BmGViFEAxe9.jpg,150,150,cups,21,102,54,127
BmKJXjHgyL2.jpg,150,150,cups,34,55,91,111
BmKJXjHgyL2.jpg,150,150,cups,92,38,142,93
BmHjrt4gofv.jpg,150,150,cups,93,85,134,139
BmHjrt4gofv.jpg,150,150,cups,1,89,28,135
BmJEPjKgHqD.jpg,150,150,cups,94,41,113,59
BmJEPjKgHqD.jpg,150,150,cups,96,70,114,88
BmJEPjKgHqD.jpg,150,150,cups,99,94,116,111
BmJEPjKgHqD.jpg,150,150,cups,94,121,113,139
BmJEPjKgHqD.jpg,150,150,cups,66,134,83,150
BmJEPjKgHqD.jpg,150,150,cups,43,121,62,139
BmJEPjKgHqD.jpg,150,150,cups,39,98,56,116
BmJEPjKgHqD.jpg,150,150,cups,40,70,56,87
BmJEPjKgHqD.jpg,150,150,cups,39,41,57,59
BmDD0y6Fk4-.jpg,150,150,cups,53,47,137,127
BmLaAX6HWcF.jpg,150,150,cups,1,66,66,136
BmDXe9fFiZe.jpg,150,150,cups,105,114,150,149
BmDXe9fFiZe.jpg,150,150,cups,57,93,90,120
BmDXe9fFiZe.jpg,150,150,cups,1,117,41,147
BmDqXU1A_zZ.jpg,150,150,cups,76,63,110,108
BmLOJn1jmSP.jpg,150,150,cups,49,88,117,137
BmLOJn1jmSP.jpg,150,150,cups,53,63,117,97
BmLOJn1jmSP.jpg,150,150,cups,47,27,115,66
BmEQOurAfId.jpg,150,150,cups,95,93,140,134
BmEQOurAfId.jpg,150,150,cups,5,88,53,133
BmEQOurAfId.jpg,150,150,cups,54,116,97,150
BmEQOurAfId.jpg,150,150,cups,85,14,129,51
BmEQOurAfId.jpg,150,150,cups,19,13,65,52
BmDWrxJAqHH.jpg,150,150,cups,8,24,128,139
BmGTMrZnYx6.jpg,150,150,cups,91,78,131,129
BmGTMrZnYx6.jpg,150,150,cups,50,52,90,92
BmGTMrZnYx6.jpg,150,150,cups,15,88,62,134
BmI_-RMg2b7.jpg,150,150,cups,37,36,70,69
BmGaXiFg3xF.jpg,150,150,cups,97,16,133,48
BmGaXiFg3xF.jpg,150,150,cups,52,92,91,122
BmD27OZgJ-n.jpg,150,150,cups,73,73,118,118
BmD27OZgJ-n.jpg,150,150,cups,33,66,76,109
BmD27OZgJ-n.jpg,150,150,cups,84,32,126,75
BmImfZCBA2s.jpg,150,150,cups,113,52,150,98
BmImfZCBA2s.jpg,150,150,cups,74,55,107,97
BmImfZCBA2s.jpg,150,150,cups,48,55,75,93
BmImfZCBA2s.jpg,150,150,cups,24,56,48,94
BmImfZCBA2s.jpg,150,150,cups,1,56,25,87
BmGh4kGAx6q.jpg,150,150,cups,29,97,68,135
BmGh4kGAx6q.jpg,150,150,cups,38,76,74,111
BmGh4kGAx6q.jpg,150,150,cups,43,59,76,87
BmKVyrtnbGX.jpg,150,150,cups,79,39,126,112
BmKVyrtnbGX.jpg,150,150,cups,30,37,80,112
BmKVyrtnbGX.jpg,150,150,cups,125,38,150,107
BmLI6zjhe4o.jpg,150,150,cups,61,58,119,130
BmLQIaehSNR.jpg,150,150,cups,41,103,104,150
BmJb-OgH7A2.jpg,150,150,cups,1,8,31,80
BmDQhkih9zm.jpg,150,150,cups,60,70,103,126
BmK54B_AG0V.jpg,150,150,cups,69,70,135,111
BmK54B_AG0V.jpg,150,150,cups,6,68,72,109
BmDyGXzgFCc.jpg,150,150,cups,66,54,150,132
BmDyGXzgFCc.jpg,150,150,cups,1,48,69,115
BmFGH91grT_.jpg,150,150,cups,72,68,107,102
BmGQq3eli3L.jpg,150,150,cups,32,5,112,150
BmHWjCygDiD.jpg,150,150,cups,72,113,108,139
BmDVATVFNjT.jpg,150,150,cups,20,10,104,83
BmJtiIlnFHb.jpg,150,150,cups,49,48,104,150
BmGKsKWl-Sj.jpg,150,150,cups,29,40,83,150
BmGznkRgVaB.jpg,150,150,cups,6,2,145,142
BmIm6l9lfR1.jpg,150,150,cups,85,78,140,150
BmIm6l9lfR1.jpg,150,150,cups,86,3,150,73
BmIm6l9lfR1.jpg,150,150,cups,6,3,74,71
BmIm6l9lfR1.jpg,150,150,cups,7,78,62,145
BmJD6pKhlLl.jpg,150,150,cups,1,14,118,143
BmImhionJ0A.jpg,150,150,cups,79,77,127,120
BmImhionJ0A.jpg,150,150,cups,33,77,72,119
BmGBu5KFvs5.jpg,150,150,cups,41,74,141,150
BmGBu5KFvs5.jpg,150,150,cups,23,1,129,99
